<Nini>
  <Section Name="3946cc97-89aa-0c70-6006-531275df72ac_notecard.txt">
    <Key Name="assetID" Value="f628c354-e103-457e-b548-d9eea6fb8034" />
    <Key Name="name" Value="3946cc97-89aa-0c70-6006-531275df72ac_notecard" />
    <Key Name="assetType" Value="7" />
    <Key Name="inventoryType" Value="7" />
    <Key Name="fileName" Value="3946cc97-89aa-0c70-6006-531275df72ac_notecard.txt" />
  </Section>

  <Section Name="dc170c49-db01-4f67-9da0-ba56267c97b1_script.lsl">
    <Key Name="assetID" Value="eee10e58-2217-4bfd-94db-4ec36df10b6d" />
    <Key Name="name" Value="dc170c49-db01-4f67-9da0-ba56267c97b1_script" />
    <Key Name="assetType" Value="10" />
    <Key Name="inventoryType" Value="10" />
    <Key Name="fileName" Value="dc170c49-db01-4f67-9da0-ba56267c97b1_script.lsl" />
  </Section>

  <Section Name="c023b51d-5807-4f78-b69d-853569812ec9_script.lsl">
    <Key Name="assetID" Value="8a752b34-4e21-4f02-af54-5f1539421866" />
    <Key Name="name" Value="c023b51d-5807-4f78-b69d-853569812ec9_script" />
    <Key Name="assetType" Value="10" />
    <Key Name="inventoryType" Value="10" />
    <Key Name="fileName" Value="c023b51d-5807-4f78-b69d-853569812ec9_script.lsl" />
  </Section>

  <Section Name="fd2fbee4-20d6-4e9a-9682-b3f13899da65_script.lsl">
    <Key Name="assetID" Value="f475b23c-1852-499c-a8aa-7941c32b7fea" />
    <Key Name="name" Value="fd2fbee4-20d6-4e9a-9682-b3f13899da65_script" />
    <Key Name="assetType" Value="10" />
    <Key Name="inventoryType" Value="10" />
    <Key Name="fileName" Value="fd2fbee4-20d6-4e9a-9682-b3f13899da65_script.lsl" />
  </Section>

  <Section Name="0f28e677-6d22-555c-7c0b-ee48ad9ffa57_clothing.txt">
    <Key Name="assetID" Value="6f81f087-1d51-41da-ab7d-52e6940d77e7" />
    <Key Name="name" Value="0f28e677-6d22-555c-7c0b-ee48ad9ffa57_clothing" />
    <Key Name="assetType" Value="7" />
    <Key Name="inventoryType" Value="7" />
    <Key Name="fileName" Value="0f28e677-6d22-555c-7c0b-ee48ad9ffa57_clothing.txt" />
  </Section>

  <Section Name="84d7e767-7b81-42f0-9c00-071c472f1561_script.lsl">
    <Key Name="assetID" Value="c5f826f2-7707-4f1e-8e02-1ffbf4cbf2b6" />
    <Key Name="name" Value="84d7e767-7b81-42f0-9c00-071c472f1561_script" />
    <Key Name="assetType" Value="10" />
    <Key Name="inventoryType" Value="10" />
    <Key Name="fileName" Value="84d7e767-7b81-42f0-9c00-071c472f1561_script.lsl" />
  </Section>

  <Section Name="d3eafe28-72b3-1a1d-2f42-e7383a4621d5_bodypart.txt">
    <Key Name="assetID" Value="4d6aa567-c97a-42a6-986d-ff6850bce03a" />
    <Key Name="name" Value="d3eafe28-72b3-1a1d-2f42-e7383a4621d5_bodypart" />
    <Key Name="assetType" Value="7" />
    <Key Name="inventoryType" Value="7" />
    <Key Name="fileName" Value="d3eafe28-72b3-1a1d-2f42-e7383a4621d5_bodypart.txt" />
  </Section>

  <Section Name="523e8036-e4e7-4243-3cd3-fa5b63ccff37_notecard.txt">
    <Key Name="assetID" Value="28e08406-33c2-47f7-b80b-3ebe4ae163e1" />
    <Key Name="name" Value="523e8036-e4e7-4243-3cd3-fa5b63ccff37_notecard" />
    <Key Name="assetType" Value="7" />
    <Key Name="inventoryType" Value="7" />
    <Key Name="fileName" Value="523e8036-e4e7-4243-3cd3-fa5b63ccff37_notecard.txt" />
  </Section>

  <Section Name="33fb6ea8-fc62-a730-f8bd-0cdafc2eb70d_clothing.txt">
    <Key Name="assetID" Value="a2369b9f-8979-44a3-b05e-fc04f6ad9a0f" />
    <Key Name="name" Value="33fb6ea8-fc62-a730-f8bd-0cdafc2eb70d_clothing" />
    <Key Name="assetType" Value="7" />
    <Key Name="inventoryType" Value="7" />
    <Key Name="fileName" Value="33fb6ea8-fc62-a730-f8bd-0cdafc2eb70d_clothing.txt" />
  </Section>

  <Section Name="abe740cb-c8d3-491c-ac01-b2fdea1f9c75_script.lsl">
    <Key Name="assetID" Value="c95949ba-a20b-42cd-b2bf-5d11793d01e5" />
    <Key Name="name" Value="abe740cb-c8d3-491c-ac01-b2fdea1f9c75_script" />
    <Key Name="assetType" Value="10" />
    <Key Name="inventoryType" Value="10" />
    <Key Name="fileName" Value="abe740cb-c8d3-491c-ac01-b2fdea1f9c75_script.lsl" />
  </Section>

  <Section Name="6a2001a5-0d11-4e31-8285-594ed2c11cbc_script.lsl">
    <Key Name="assetID" Value="98b403a5-2c60-40d4-bb10-248203463b15" />
    <Key Name="name" Value="6a2001a5-0d11-4e31-8285-594ed2c11cbc_script" />
    <Key Name="assetType" Value="10" />
    <Key Name="inventoryType" Value="10" />
    <Key Name="fileName" Value="6a2001a5-0d11-4e31-8285-594ed2c11cbc_script.lsl" />
  </Section>

  <Section Name="482267c8-f5f8-29e8-ca3e-0113ddc88ca5_bodypart.txt">
    <Key Name="assetID" Value="c7905119-9aee-4420-b61d-b68dad17f051" />
    <Key Name="name" Value="482267c8-f5f8-29e8-ca3e-0113ddc88ca5_bodypart" />
    <Key Name="assetType" Value="7" />
    <Key Name="inventoryType" Value="7" />
    <Key Name="fileName" Value="482267c8-f5f8-29e8-ca3e-0113ddc88ca5_bodypart.txt" />
  </Section>

  <Section Name="cf2db855-824f-153b-1938-53fe3ec47416_bodypart.txt">
    <Key Name="assetID" Value="7d5b76ca-e3d7-4345-a50e-d3b616fe1813" />
    <Key Name="name" Value="cf2db855-824f-153b-1938-53fe3ec47416_bodypart" />
    <Key Name="assetType" Value="7" />
    <Key Name="inventoryType" Value="7" />
    <Key Name="fileName" Value="cf2db855-824f-153b-1938-53fe3ec47416_bodypart.txt" />
  </Section>

  <Section Name="c1185f2b-2aaa-40c1-88a5-274238a3b14e_script.lsl">
    <Key Name="assetID" Value="b26ad902-3359-452a-adf7-e388df053d7b" />
    <Key Name="name" Value="c1185f2b-2aaa-40c1-88a5-274238a3b14e_script" />
    <Key Name="assetType" Value="10" />
    <Key Name="inventoryType" Value="10" />
    <Key Name="fileName" Value="c1185f2b-2aaa-40c1-88a5-274238a3b14e_script.lsl" />
  </Section>

  <Section Name="b4bc6e3b-6120-41bf-8e18-91b4d0c388ee_script.lsl">
    <Key Name="assetID" Value="5dfd2fe2-79c1-449e-8cca-941299dc5899" />
    <Key Name="name" Value="b4bc6e3b-6120-41bf-8e18-91b4d0c388ee_script" />
    <Key Name="assetType" Value="10" />
    <Key Name="inventoryType" Value="10" />
    <Key Name="fileName" Value="b4bc6e3b-6120-41bf-8e18-91b4d0c388ee_script.lsl" />
  </Section>

  <Section Name="bf07e5de-a528-4608-8115-e130e35fff18_script.lsl">
    <Key Name="assetID" Value="52b7b969-6f28-4e44-8c20-88e3e54106bf" />
    <Key Name="name" Value="bf07e5de-a528-4608-8115-e130e35fff18_script" />
    <Key Name="assetType" Value="10" />
    <Key Name="inventoryType" Value="10" />
    <Key Name="fileName" Value="bf07e5de-a528-4608-8115-e130e35fff18_script.lsl" />
  </Section>

  <Section Name="d7c47cb5-3e89-1641-1401-dee65dabb50f_bodypart.txt">
    <Key Name="assetID" Value="be1bf488-22f3-407a-9c94-475cddae22fa" />
    <Key Name="name" Value="d7c47cb5-3e89-1641-1401-dee65dabb50f_bodypart" />
    <Key Name="assetType" Value="7" />
    <Key Name="inventoryType" Value="7" />
    <Key Name="fileName" Value="d7c47cb5-3e89-1641-1401-dee65dabb50f_bodypart.txt" />
  </Section>

</Nini>
