<llsd><map><key>AlphaMaskCutoff</key><integer>0</integer><key>DiffuseAlphaMode</key><integer>0</integer><key>EnvIntensity</key><integer>0</integer><key>NormMap</key><uuid>00000000-0000-0000-0000-000000000000</uuid><key>NormOffsetX</key><integer>0</integer><key>NormOffsetY</key><integer>0</integer><key>NormRepeatX</key><integer>10000</integer><key>NormRepeatY</key><integer>10000</integer><key>NormRotation</key><integer>0</integer><key>SpecColor</key><array><integer>255</integer><integer>255</integer><integer>255</integer><integer>255</integer></array><key>SpecExp</key><integer>122</integer><key>SpecMap</key><uuid>37a7a7d8-708f-48c6-9cb9-17adee73fbcd</uuid><key>SpecOffsetX</key><integer>0</integer><key>SpecOffsetY</key><integer>0</integer><key>SpecRepeatX</key><integer>10000</integer><key>SpecRepeatY</key><integer>10000</integer><key>SpecRotation</key><integer>0</integer></map></llsd>