<SceneObjectGroup><RootPart><SceneObjectPart xmlns:xsi="http://www.w3.org/2001/XMLSchema-instance" xmlns:xsd="http://www.w3.org/2001/XMLSchema"><AllowedDrop>false</AllowedDrop><CreatorID><UUID>5e8ce35f-2553-4610-aaf4-16ee0b2d96a9</UUID></CreatorID><FolderID><UUID>00e7a723-0419-4e06-849d-ee86c9e7c18b</UUID></FolderID><InventorySerial>0</InventorySerial><UUID><UUID>00e7a723-0419-4e06-849d-ee86c9e7c18b</UUID></UUID><LocalId>0</LocalId><Name>Ruth2v4Business (LOD Draft Draft 100 100)</Name><Material>3</Material><PassTouches>false</PassTouches><PassCollisions>false</PassCollisions><RegionHandle>0</RegionHandle><ScriptAccessPin>0</ScriptAccessPin><GroupPosition><X>126.6051</X><Y>38.28753</Y><Z>22.35586</Z></GroupPosition><OffsetPosition><X>0</X><Y>0</Y><Z>0</Z></OffsetPosition><RotationOffset><X>0</X><Y>0</Y><Z>0</Z><W>1</W></RotationOffset><Velocity><X>0</X><Y>0</Y><Z>0</Z></Velocity><AngularVelocity><X>0</X><Y>0</Y><Z>0</Z></AngularVelocity><Acceleration><X>0</X><Y>0</Y><Z>0</Z></Acceleration><Description /><Color><R>0</R><G>0</G><B>0</B><A>255</A></Color><Text /><SitName /><TouchName /><LinkNum>0</LinkNum><ClickAction>0</ClickAction><Shape><ProfileCurve>49</ProfileCurve><TextureEntry>AAAAAAAAAAAAAAAAAAAAAAAAAAAAAAAAgD8AAACAPwAAAAAAAAAAAAAAAAAAAAAAAAAAAAAAAAAAAAAAAAAAAA==</TextureEntry><ExtraParams>ATAAEQAAADY18j36hkjchFUvk2akrKcF</ExtraParams><PathBegin>0</PathBegin><PathCurve>16</PathCurve><PathEnd>0</PathEnd><PathRadiusOffset>0</PathRadiusOffset><PathRevolutions>0</PathRevolutions><PathScaleX>100</PathScaleX><PathScaleY>100</PathScaleY><PathShearX>0</PathShearX><PathShearY>0</PathShearY><PathSkew>0</PathSkew><PathTaperX>0</PathTaperX><PathTaperY>0</PathTaperY><PathTwist>0</PathTwist><PathTwistBegin>0</PathTwistBegin><PCode>9</PCode><ProfileBegin>0</ProfileBegin><ProfileEnd>0</ProfileEnd><ProfileHollow>27500</ProfileHollow><State>0</State><LastAttachPoint>0</LastAttachPoint><ProfileShape>Square</ProfileShape><HollowShape>Triangle</HollowShape><SculptTexture><UUID>3635f23d-fa86-48dc-8455-2f9366a4aca7</UUID></SculptTexture><SculptType>5</SculptType><FlexiSoftness>0</FlexiSoftness><FlexiTension>0</FlexiTension><FlexiDrag>0</FlexiDrag><FlexiGravity>0</FlexiGravity><FlexiWind>0</FlexiWind><FlexiForceX>0</FlexiForceX><FlexiForceY>0</FlexiForceY><FlexiForceZ>0</FlexiForceZ><LightColorR>0</LightColorR><LightColorG>0</LightColorG><LightColorB>0</LightColorB><LightColorA>1</LightColorA><LightRadius>0</LightRadius><LightCutoff>0</LightCutoff><LightFalloff>0</LightFalloff><LightIntensity>1</LightIntensity><FlexiEntry>false</FlexiEntry><LightEntry>false</LightEntry><SculptEntry>true</SculptEntry></Shape><Scale><X>0.283145</X><Y>1.770754</Y><Z>1.714086</Z></Scale><SitTargetOrientation><X>0</X><Y>0</Y><Z>0</Z><W>1</W></SitTargetOrientation><SitTargetPosition><X>0</X><Y>0</Y><Z>0</Z></SitTargetPosition><SitTargetPositionLL><X>0</X><Y>0</Y><Z>0</Z></SitTargetPositionLL><SitTargetOrientationLL><X>0</X><Y>0</Y><Z>0</Z><W>1</W></SitTargetOrientationLL><ParentID>0</ParentID><CreationDate>1597086770</CreationDate><Category>0</Category><SalePrice>0</SalePrice><ObjectSaleType>0</ObjectSaleType><OwnershipCost>0</OwnershipCost><GroupID><UUID>00000000-0000-0000-0000-000000000000</UUID></GroupID><OwnerID><UUID>5e8ce35f-2553-4610-aaf4-16ee0b2d96a9</UUID></OwnerID><LastOwnerID><UUID>5e8ce35f-2553-4610-aaf4-16ee0b2d96a9</UUID></LastOwnerID><RezzerID><UUID>5e8ce35f-2553-4610-aaf4-16ee0b2d96a9</UUID></RezzerID><BaseMask>647168</BaseMask><OwnerMask>647168</OwnerMask><GroupMask>573440</GroupMask><EveryoneMask>32768</EveryoneMask><NextOwnerMask>581632</NextOwnerMask><Flags>None</Flags><CollisionSound><UUID>00000000-0000-0000-0000-000000000000</UUID></CollisionSound><CollisionSoundVolume>0</CollisionSoundVolume><AttachedPos><X>0</X><Y>0</Y><Z>0</Z></AttachedPos><TextureAnimation></TextureAnimation><ParticleSystem></ParticleSystem><PayPrice0>-2</PayPrice0><PayPrice1>-2</PayPrice1><PayPrice2>-2</PayPrice2><PayPrice3>-2</PayPrice3><PayPrice4>-2</PayPrice4><Buoyancy>0</Buoyancy><Force><X>0</X><Y>0</Y><Z>0</Z></Force><Torque><X>0</X><Y>0</Y><Z>0</Z></Torque><VolumeDetectActive>false</VolumeDetectActive><PhysicsShapeType>0</PhysicsShapeType><CameraEyeOffset><X>0</X><Y>0</Y><Z>0</Z></CameraEyeOffset><CameraAtOffset><X>0</X><Y>0</Y><Z>0</Z></CameraAtOffset><SoundID><UUID>00000000-0000-0000-0000-000000000000</UUID></SoundID><SoundGain>0</SoundGain><SoundFlags>0</SoundFlags><SoundRadius>0</SoundRadius><SoundQueueing>false</SoundQueueing></SceneObjectPart></RootPart><OtherParts /></SceneObjectGroup>