<llsd><map><key>NormMap</key><uuid /><key>NormOffsetX</key><integer /><key>NormOffsetY</key><integer /><key>NormRepeatX</key><integer>10000</integer><key>NormRepeatY</key><integer>10000</integer><key>NormRotation</key><integer /><key>SpecMap</key><uuid /><key>SpecOffsetX</key><integer /><key>SpecOffsetY</key><integer /><key>SpecRepeatX</key><integer>10000</integer><key>SpecRepeatY</key><integer>10000</integer><key>SpecRotation</key><integer /><key>SpecColor</key><array><integer>255</integer><integer>255</integer><integer>255</integer><integer>255</integer></array><key>SpecExp</key><integer>51</integer><key>EnvIntensity</key><integer /><key>DiffuseAlphaMode</key><integer /><key>AlphaMaskCutoff</key><integer /></map></llsd>