<Nini>
  <Section Name="49c86423-18d0-8f62-788f-b743edb81562_bodypart.txt">
    <Key Name="assetID" Value="705e2027-35d5-4e18-8b35-f7ced32561bb" />
    <Key Name="name" Value="49c86423-18d0-8f62-788f-b743edb81562_bodypart" />
    <Key Name="assetType" Value="7" />
    <Key Name="inventoryType" Value="7" />
    <Key Name="fileName" Value="49c86423-18d0-8f62-788f-b743edb81562_bodypart.txt" />
  </Section>

  <Section Name="d2f655fe-f2bb-9b27-85e8-bf5305fc5480_notecard.txt">
    <Key Name="assetID" Value="0fe1f4e7-c3b5-4dac-b206-1ca9af724eac" />
    <Key Name="name" Value="d2f655fe-f2bb-9b27-85e8-bf5305fc5480_notecard" />
    <Key Name="assetType" Value="7" />
    <Key Name="inventoryType" Value="7" />
    <Key Name="fileName" Value="d2f655fe-f2bb-9b27-85e8-bf5305fc5480_notecard.txt" />
  </Section>

  <Section Name="3fc56ffd-b49f-d659-963f-94cfa5a42fa6_clothing.txt">
    <Key Name="assetID" Value="fff2f60a-0851-41d0-bb06-72fd882ca0af" />
    <Key Name="name" Value="3fc56ffd-b49f-d659-963f-94cfa5a42fa6_clothing" />
    <Key Name="assetType" Value="7" />
    <Key Name="inventoryType" Value="7" />
    <Key Name="fileName" Value="3fc56ffd-b49f-d659-963f-94cfa5a42fa6_clothing.txt" />
  </Section>

  <Section Name="a0ba893f-7fc4-5bec-df0b-daafb3342eaf_bodypart.txt">
    <Key Name="assetID" Value="421c9cb2-0f86-4dcb-a980-fcd9e783ef08" />
    <Key Name="name" Value="a0ba893f-7fc4-5bec-df0b-daafb3342eaf_bodypart" />
    <Key Name="assetType" Value="7" />
    <Key Name="inventoryType" Value="7" />
    <Key Name="fileName" Value="a0ba893f-7fc4-5bec-df0b-daafb3342eaf_bodypart.txt" />
  </Section>

  <Section Name="d9f2d60e-f009-5d5e-4dfd-05e9e43cc89e_notecard.txt">
    <Key Name="assetID" Value="054ecc14-0cfc-4527-a8fd-fae79cde48c8" />
    <Key Name="name" Value="d9f2d60e-f009-5d5e-4dfd-05e9e43cc89e_notecard" />
    <Key Name="assetType" Value="7" />
    <Key Name="inventoryType" Value="7" />
    <Key Name="fileName" Value="d9f2d60e-f009-5d5e-4dfd-05e9e43cc89e_notecard.txt" />
  </Section>

  <Section Name="5da6a3fc-01ce-9ced-9cb4-e8fb0fda03d6_bodypart.txt">
    <Key Name="assetID" Value="9a35adf7-1f97-473d-97f4-f38a491acaad" />
    <Key Name="name" Value="5da6a3fc-01ce-9ced-9cb4-e8fb0fda03d6_bodypart" />
    <Key Name="assetType" Value="7" />
    <Key Name="inventoryType" Value="7" />
    <Key Name="fileName" Value="5da6a3fc-01ce-9ced-9cb4-e8fb0fda03d6_bodypart.txt" />
  </Section>

  <Section Name="e26047fa-64e9-4d15-8eea-928731c8392d_script.lsl">
    <Key Name="assetID" Value="8788f1e6-abbf-4f6d-9f95-64b459d13785" />
    <Key Name="name" Value="e26047fa-64e9-4d15-8eea-928731c8392d_script" />
    <Key Name="assetType" Value="10" />
    <Key Name="inventoryType" Value="10" />
    <Key Name="fileName" Value="e26047fa-64e9-4d15-8eea-928731c8392d_script.lsl" />
  </Section>

  <Section Name="c6a7b1a8-3a38-d08e-f7fa-3bced49688aa_notecard.txt">
    <Key Name="assetID" Value="9c63b742-ce1b-4af9-ae38-2a38677148e0" />
    <Key Name="name" Value="c6a7b1a8-3a38-d08e-f7fa-3bced49688aa_notecard" />
    <Key Name="assetType" Value="7" />
    <Key Name="inventoryType" Value="7" />
    <Key Name="fileName" Value="c6a7b1a8-3a38-d08e-f7fa-3bced49688aa_notecard.txt" />
  </Section>

  <Section Name="71c517cb-8955-de75-d20f-9ee41bff18ce_notecard.txt">
    <Key Name="assetID" Value="7e8c43aa-291d-4658-8f3c-56a75883134f" />
    <Key Name="name" Value="71c517cb-8955-de75-d20f-9ee41bff18ce_notecard" />
    <Key Name="assetType" Value="7" />
    <Key Name="inventoryType" Value="7" />
    <Key Name="fileName" Value="71c517cb-8955-de75-d20f-9ee41bff18ce_notecard.txt" />
  </Section>

  <Section Name="60fdce61-7416-0a64-5ae5-e6686c4f4034_notecard.txt">
    <Key Name="assetID" Value="274636c3-d353-4e98-b592-37682c113f4e" />
    <Key Name="name" Value="60fdce61-7416-0a64-5ae5-e6686c4f4034_notecard" />
    <Key Name="assetType" Value="7" />
    <Key Name="inventoryType" Value="7" />
    <Key Name="fileName" Value="60fdce61-7416-0a64-5ae5-e6686c4f4034_notecard.txt" />
  </Section>

  <Section Name="1457c215-20a4-4d34-b52d-b7228cc41bae_notecard.txt">
    <Key Name="assetID" Value="6c370c71-eeda-42bd-b48e-ad21aba95ef7" />
    <Key Name="name" Value="1457c215-20a4-4d34-b52d-b7228cc41bae_notecard" />
    <Key Name="assetType" Value="7" />
    <Key Name="inventoryType" Value="7" />
    <Key Name="fileName" Value="1457c215-20a4-4d34-b52d-b7228cc41bae_notecard.txt" />
  </Section>

  <Section Name="f891a52c-e689-9754-379f-b0c0cb513271_bodypart.txt">
    <Key Name="assetID" Value="299951dd-eba4-4da0-a23e-1c833dcd6534" />
    <Key Name="name" Value="f891a52c-e689-9754-379f-b0c0cb513271_bodypart" />
    <Key Name="assetType" Value="7" />
    <Key Name="inventoryType" Value="7" />
    <Key Name="fileName" Value="f891a52c-e689-9754-379f-b0c0cb513271_bodypart.txt" />
  </Section>

  <Section Name="adcc5b36-42a3-4e62-c1b1-d1cb17b29535_bodypart.txt">
    <Key Name="assetID" Value="35307508-6edb-47fe-a1a9-8c601b26037b" />
    <Key Name="name" Value="adcc5b36-42a3-4e62-c1b1-d1cb17b29535_bodypart" />
    <Key Name="assetType" Value="7" />
    <Key Name="inventoryType" Value="7" />
    <Key Name="fileName" Value="adcc5b36-42a3-4e62-c1b1-d1cb17b29535_bodypart.txt" />
  </Section>

  <Section Name="6d6312bd-3dd3-75cf-6b73-cb6819d65e99_notecard.txt">
    <Key Name="assetID" Value="daa6fd3d-ac99-4868-baf5-08a1b2ffd104" />
    <Key Name="name" Value="6d6312bd-3dd3-75cf-6b73-cb6819d65e99_notecard" />
    <Key Name="assetType" Value="7" />
    <Key Name="inventoryType" Value="7" />
    <Key Name="fileName" Value="6d6312bd-3dd3-75cf-6b73-cb6819d65e99_notecard.txt" />
  </Section>

  <Section Name="522c9c72-16c5-4031-0a62-6c8ff271b09a_bodypart.txt">
    <Key Name="assetID" Value="fa6bdbe8-0dd6-44be-8107-d720eedce465" />
    <Key Name="name" Value="522c9c72-16c5-4031-0a62-6c8ff271b09a_bodypart" />
    <Key Name="assetType" Value="7" />
    <Key Name="inventoryType" Value="7" />
    <Key Name="fileName" Value="522c9c72-16c5-4031-0a62-6c8ff271b09a_bodypart.txt" />
  </Section>

  <Section Name="fe9b147a-f659-3230-978f-18d471fc37a2_clothing.txt">
    <Key Name="assetID" Value="feab5409-631e-4115-83f4-50d5fa70b090" />
    <Key Name="name" Value="fe9b147a-f659-3230-978f-18d471fc37a2_clothing" />
    <Key Name="assetType" Value="7" />
    <Key Name="inventoryType" Value="7" />
    <Key Name="fileName" Value="fe9b147a-f659-3230-978f-18d471fc37a2_clothing.txt" />
  </Section>

  <Section Name="5f04094f-8158-917f-a4ba-93fa3f545ba2_bodypart.txt">
    <Key Name="assetID" Value="77d67818-2889-4c04-959f-5660dbae8d60" />
    <Key Name="name" Value="5f04094f-8158-917f-a4ba-93fa3f545ba2_bodypart" />
    <Key Name="assetType" Value="7" />
    <Key Name="inventoryType" Value="7" />
    <Key Name="fileName" Value="5f04094f-8158-917f-a4ba-93fa3f545ba2_bodypart.txt" />
  </Section>

  <Section Name="c84fe7e7-0bc6-7a99-05e1-010479540436_clothing.txt">
    <Key Name="assetID" Value="7db618f1-edc6-4c3c-8a6f-63754904c315" />
    <Key Name="name" Value="c84fe7e7-0bc6-7a99-05e1-010479540436_clothing" />
    <Key Name="assetType" Value="7" />
    <Key Name="inventoryType" Value="7" />
    <Key Name="fileName" Value="c84fe7e7-0bc6-7a99-05e1-010479540436_clothing.txt" />
  </Section>

  <Section Name="558ce7af-72b0-0ed3-1cd3-9fc25fd9e411_clothing.txt">
    <Key Name="assetID" Value="f951fbe3-e59f-4097-84cd-444c81f91a5d" />
    <Key Name="name" Value="558ce7af-72b0-0ed3-1cd3-9fc25fd9e411_clothing" />
    <Key Name="assetType" Value="7" />
    <Key Name="inventoryType" Value="7" />
    <Key Name="fileName" Value="558ce7af-72b0-0ed3-1cd3-9fc25fd9e411_clothing.txt" />
  </Section>

  <Section Name="aaa0ead0-be08-eee2-2639-26ad58963945_bodypart.txt">
    <Key Name="assetID" Value="68fba892-e66a-49dd-8d8f-4a1479ab8269" />
    <Key Name="name" Value="aaa0ead0-be08-eee2-2639-26ad58963945_bodypart" />
    <Key Name="assetType" Value="7" />
    <Key Name="inventoryType" Value="7" />
    <Key Name="fileName" Value="aaa0ead0-be08-eee2-2639-26ad58963945_bodypart.txt" />
  </Section>

  <Section Name="849d7ad3-ce04-55f0-6534-02cc734715d2_bodypart.txt">
    <Key Name="assetID" Value="104abbe9-e542-4f5b-b9d6-e8bc6b393f68" />
    <Key Name="name" Value="849d7ad3-ce04-55f0-6534-02cc734715d2_bodypart" />
    <Key Name="assetType" Value="7" />
    <Key Name="inventoryType" Value="7" />
    <Key Name="fileName" Value="849d7ad3-ce04-55f0-6534-02cc734715d2_bodypart.txt" />
  </Section>

  <Section Name="563aacc2-0845-a87f-0766-0064445886f0_bodypart.txt">
    <Key Name="assetID" Value="9a868735-f087-4863-ab36-48a172466969" />
    <Key Name="name" Value="563aacc2-0845-a87f-0766-0064445886f0_bodypart" />
    <Key Name="assetType" Value="7" />
    <Key Name="inventoryType" Value="7" />
    <Key Name="fileName" Value="563aacc2-0845-a87f-0766-0064445886f0_bodypart.txt" />
  </Section>

  <Section Name="2a8a99cc-f702-46a0-8895-2b0064b493b5_script.lsl">
    <Key Name="assetID" Value="cd2ee0f9-03d6-45b4-ace9-d13fe2da486b" />
    <Key Name="name" Value="2a8a99cc-f702-46a0-8895-2b0064b493b5_script" />
    <Key Name="assetType" Value="10" />
    <Key Name="inventoryType" Value="10" />
    <Key Name="fileName" Value="2a8a99cc-f702-46a0-8895-2b0064b493b5_script.lsl" />
  </Section>

  <Section Name="6a301cb7-e732-8936-ff56-2c220c7ebb5b_clothing.txt">
    <Key Name="assetID" Value="bedeb190-c6f1-46cc-8d01-066a6fbb95a6" />
    <Key Name="name" Value="6a301cb7-e732-8936-ff56-2c220c7ebb5b_clothing" />
    <Key Name="assetType" Value="7" />
    <Key Name="inventoryType" Value="7" />
    <Key Name="fileName" Value="6a301cb7-e732-8936-ff56-2c220c7ebb5b_clothing.txt" />
  </Section>

  <Section Name="3e983a60-48cf-4759-8d9d-fc1d38e5b866_notecard.txt">
    <Key Name="assetID" Value="62527ae1-8d70-49fa-9a41-b255440d7c48" />
    <Key Name="name" Value="3e983a60-48cf-4759-8d9d-fc1d38e5b866_notecard" />
    <Key Name="assetType" Value="7" />
    <Key Name="inventoryType" Value="7" />
    <Key Name="fileName" Value="3e983a60-48cf-4759-8d9d-fc1d38e5b866_notecard.txt" />
  </Section>

  <Section Name="e0878f06-349c-4f28-a6e6-1d6bc724d0c2_notecard.txt">
    <Key Name="assetID" Value="5f799768-e0e5-4eb2-8744-36dc4319cf6c" />
    <Key Name="name" Value="e0878f06-349c-4f28-a6e6-1d6bc724d0c2_notecard" />
    <Key Name="assetType" Value="7" />
    <Key Name="inventoryType" Value="7" />
    <Key Name="fileName" Value="e0878f06-349c-4f28-a6e6-1d6bc724d0c2_notecard.txt" />
  </Section>

  <Section Name="1b068d3a-d88a-e6e0-3d0d-f2c784ccbe8c_clothing.txt">
    <Key Name="assetID" Value="16424250-88ce-4a78-b26c-ac43687f1540" />
    <Key Name="name" Value="1b068d3a-d88a-e6e0-3d0d-f2c784ccbe8c_clothing" />
    <Key Name="assetType" Value="7" />
    <Key Name="inventoryType" Value="7" />
    <Key Name="fileName" Value="1b068d3a-d88a-e6e0-3d0d-f2c784ccbe8c_clothing.txt" />
  </Section>

  <Section Name="568929a5-106f-43f4-7216-04371e75cb04_notecard.txt">
    <Key Name="assetID" Value="903f0cda-197b-4667-a85c-ab076f42d281" />
    <Key Name="name" Value="568929a5-106f-43f4-7216-04371e75cb04_notecard" />
    <Key Name="assetType" Value="7" />
    <Key Name="inventoryType" Value="7" />
    <Key Name="fileName" Value="568929a5-106f-43f4-7216-04371e75cb04_notecard.txt" />
  </Section>

  <Section Name="80c140de-44cd-8ff5-5d10-545622b6f4e2_notecard.txt">
    <Key Name="assetID" Value="8cf2e595-fc88-441c-b50a-5a1a2ce54e2e" />
    <Key Name="name" Value="80c140de-44cd-8ff5-5d10-545622b6f4e2_notecard" />
    <Key Name="assetType" Value="7" />
    <Key Name="inventoryType" Value="7" />
    <Key Name="fileName" Value="80c140de-44cd-8ff5-5d10-545622b6f4e2_notecard.txt" />
  </Section>

  <Section Name="07cc0601-44c0-faf5-de93-8881519df40c_notecard.txt">
    <Key Name="assetID" Value="b7460598-3b2e-4839-80e5-78131c67f316" />
    <Key Name="name" Value="07cc0601-44c0-faf5-de93-8881519df40c_notecard" />
    <Key Name="assetType" Value="7" />
    <Key Name="inventoryType" Value="7" />
    <Key Name="fileName" Value="07cc0601-44c0-faf5-de93-8881519df40c_notecard.txt" />
  </Section>

  <Section Name="ae5abad9-f4fb-d5a8-0ea8-ae696781001a_notecard.txt">
    <Key Name="assetID" Value="6e030c95-8668-40ff-879d-789ed837bafa" />
    <Key Name="name" Value="ae5abad9-f4fb-d5a8-0ea8-ae696781001a_notecard" />
    <Key Name="assetType" Value="7" />
    <Key Name="inventoryType" Value="7" />
    <Key Name="fileName" Value="ae5abad9-f4fb-d5a8-0ea8-ae696781001a_notecard.txt" />
  </Section>

  <Section Name="a245f51b-c2ce-f9e6-63f3-58b5656fcf1b_notecard.txt">
    <Key Name="assetID" Value="375ccc9f-06c4-401d-83d5-202af1eae950" />
    <Key Name="name" Value="a245f51b-c2ce-f9e6-63f3-58b5656fcf1b_notecard" />
    <Key Name="assetType" Value="7" />
    <Key Name="inventoryType" Value="7" />
    <Key Name="fileName" Value="a245f51b-c2ce-f9e6-63f3-58b5656fcf1b_notecard.txt" />
  </Section>

  <Section Name="fb595626-01e9-5a17-9e76-c79b4e1e7ba5_notecard.txt">
    <Key Name="assetID" Value="4fb333f7-a6cc-4738-abda-1680aee97494" />
    <Key Name="name" Value="fb595626-01e9-5a17-9e76-c79b4e1e7ba5_notecard" />
    <Key Name="assetType" Value="7" />
    <Key Name="inventoryType" Value="7" />
    <Key Name="fileName" Value="fb595626-01e9-5a17-9e76-c79b4e1e7ba5_notecard.txt" />
  </Section>

  <Section Name="8e066ecd-c4d1-4741-7a82-fee4496545bc_bodypart.txt">
    <Key Name="assetID" Value="6cb8e1a6-8214-4ee4-8693-8e511cc4dbf7" />
    <Key Name="name" Value="8e066ecd-c4d1-4741-7a82-fee4496545bc_bodypart" />
    <Key Name="assetType" Value="7" />
    <Key Name="inventoryType" Value="7" />
    <Key Name="fileName" Value="8e066ecd-c4d1-4741-7a82-fee4496545bc_bodypart.txt" />
  </Section>

  <Section Name="97f3b6f2-a1c4-7248-59cc-0956f877bb22_bodypart.txt">
    <Key Name="assetID" Value="54aa7c1b-5ce1-4a19-b2b3-0f892c9a765e" />
    <Key Name="name" Value="97f3b6f2-a1c4-7248-59cc-0956f877bb22_bodypart" />
    <Key Name="assetType" Value="7" />
    <Key Name="inventoryType" Value="7" />
    <Key Name="fileName" Value="97f3b6f2-a1c4-7248-59cc-0956f877bb22_bodypart.txt" />
  </Section>

  <Section Name="33ca91da-67f6-de05-247f-c4dfd76ee55f_notecard.txt">
    <Key Name="assetID" Value="6b0414d3-94b5-41d8-9be7-4e63848ff989" />
    <Key Name="name" Value="33ca91da-67f6-de05-247f-c4dfd76ee55f_notecard" />
    <Key Name="assetType" Value="7" />
    <Key Name="inventoryType" Value="7" />
    <Key Name="fileName" Value="33ca91da-67f6-de05-247f-c4dfd76ee55f_notecard.txt" />
  </Section>

  <Section Name="7ebdf5e0-4fd3-4711-9693-6fdf6eb359e3_notecard.txt">
    <Key Name="assetID" Value="74a90c99-d659-4673-aeaa-cb1902baeeed" />
    <Key Name="name" Value="7ebdf5e0-4fd3-4711-9693-6fdf6eb359e3_notecard" />
    <Key Name="assetType" Value="7" />
    <Key Name="inventoryType" Value="7" />
    <Key Name="fileName" Value="7ebdf5e0-4fd3-4711-9693-6fdf6eb359e3_notecard.txt" />
  </Section>

  <Section Name="dcffaec5-cf07-1532-8db8-2d607643c625_notecard.txt">
    <Key Name="assetID" Value="70739712-444a-411a-9bd2-776d1ec02692" />
    <Key Name="name" Value="dcffaec5-cf07-1532-8db8-2d607643c625_notecard" />
    <Key Name="assetType" Value="7" />
    <Key Name="inventoryType" Value="7" />
    <Key Name="fileName" Value="dcffaec5-cf07-1532-8db8-2d607643c625_notecard.txt" />
  </Section>

  <Section Name="d83fe5df-fe1d-24a3-9b91-de0ae1544997_clothing.txt">
    <Key Name="assetID" Value="5516fd79-d19d-4ca0-a79b-d377ae2b313a" />
    <Key Name="name" Value="d83fe5df-fe1d-24a3-9b91-de0ae1544997_clothing" />
    <Key Name="assetType" Value="7" />
    <Key Name="inventoryType" Value="7" />
    <Key Name="fileName" Value="d83fe5df-fe1d-24a3-9b91-de0ae1544997_clothing.txt" />
  </Section>

  <Section Name="8d595fdd-ca32-3d3d-d6d7-3a770e129842_bodypart.txt">
    <Key Name="assetID" Value="35280326-c118-424c-87fc-7686aa112353" />
    <Key Name="name" Value="8d595fdd-ca32-3d3d-d6d7-3a770e129842_bodypart" />
    <Key Name="assetType" Value="7" />
    <Key Name="inventoryType" Value="7" />
    <Key Name="fileName" Value="8d595fdd-ca32-3d3d-d6d7-3a770e129842_bodypart.txt" />
  </Section>

  <Section Name="98506023-aa38-fdaa-1eb1-60cae54d2308_bodypart.txt">
    <Key Name="assetID" Value="bb7a4fe8-3e6c-4509-a10e-1ac743e474ac" />
    <Key Name="name" Value="98506023-aa38-fdaa-1eb1-60cae54d2308_bodypart" />
    <Key Name="assetType" Value="7" />
    <Key Name="inventoryType" Value="7" />
    <Key Name="fileName" Value="98506023-aa38-fdaa-1eb1-60cae54d2308_bodypart.txt" />
  </Section>

  <Section Name="880db5e1-0a12-4fe2-bc67-a27a859d23d5_script.lsl">
    <Key Name="assetID" Value="d9113f5b-f943-488a-bacb-4238c0892a01" />
    <Key Name="name" Value="880db5e1-0a12-4fe2-bc67-a27a859d23d5_script" />
    <Key Name="assetType" Value="10" />
    <Key Name="inventoryType" Value="10" />
    <Key Name="fileName" Value="880db5e1-0a12-4fe2-bc67-a27a859d23d5_script.lsl" />
  </Section>

  <Section Name="31df8a58-f0d3-4075-d203-447df7cfa2ec_notecard.txt">
    <Key Name="assetID" Value="161c81af-8408-47bb-bdea-1e38a04e0172" />
    <Key Name="name" Value="31df8a58-f0d3-4075-d203-447df7cfa2ec_notecard" />
    <Key Name="assetType" Value="7" />
    <Key Name="inventoryType" Value="7" />
    <Key Name="fileName" Value="31df8a58-f0d3-4075-d203-447df7cfa2ec_notecard.txt" />
  </Section>

  <Section Name="f053807e-3115-4d1c-9d96-044daa9c796f_notecard.txt">
    <Key Name="assetID" Value="4b7c1599-bad9-468d-9ee5-1963cbf66774" />
    <Key Name="name" Value="f053807e-3115-4d1c-9d96-044daa9c796f_notecard" />
    <Key Name="assetType" Value="7" />
    <Key Name="inventoryType" Value="7" />
    <Key Name="fileName" Value="f053807e-3115-4d1c-9d96-044daa9c796f_notecard.txt" />
  </Section>

  <Section Name="6699a056-4b1d-59e7-976f-bc36e5e70b90_notecard.txt">
    <Key Name="assetID" Value="57704f82-f592-4d1e-88e9-a7ca2494c67e" />
    <Key Name="name" Value="6699a056-4b1d-59e7-976f-bc36e5e70b90_notecard" />
    <Key Name="assetType" Value="7" />
    <Key Name="inventoryType" Value="7" />
    <Key Name="fileName" Value="6699a056-4b1d-59e7-976f-bc36e5e70b90_notecard.txt" />
  </Section>

  <Section Name="0ab4e731-6212-03c3-bdbd-d67f09d2eb08_bodypart.txt">
    <Key Name="assetID" Value="ccaf6c13-d35f-4017-a230-b96c6ba85521" />
    <Key Name="name" Value="0ab4e731-6212-03c3-bdbd-d67f09d2eb08_bodypart" />
    <Key Name="assetType" Value="7" />
    <Key Name="inventoryType" Value="7" />
    <Key Name="fileName" Value="0ab4e731-6212-03c3-bdbd-d67f09d2eb08_bodypart.txt" />
  </Section>

  <Section Name="f86bb8c9-8781-4c60-9fd1-3f185a623934_notecard.txt">
    <Key Name="assetID" Value="62f7042b-2727-4a7e-a308-b2b2add18a78" />
    <Key Name="name" Value="f86bb8c9-8781-4c60-9fd1-3f185a623934_notecard" />
    <Key Name="assetType" Value="7" />
    <Key Name="inventoryType" Value="7" />
    <Key Name="fileName" Value="f86bb8c9-8781-4c60-9fd1-3f185a623934_notecard.txt" />
  </Section>

  <Section Name="048092b5-5996-48c4-88cd-e23eebeb1564_script.lsl">
    <Key Name="assetID" Value="908c334a-1ec6-49e8-9159-4313b3dc54d0" />
    <Key Name="name" Value="048092b5-5996-48c4-88cd-e23eebeb1564_script" />
    <Key Name="assetType" Value="10" />
    <Key Name="inventoryType" Value="10" />
    <Key Name="fileName" Value="048092b5-5996-48c4-88cd-e23eebeb1564_script.lsl" />
  </Section>

  <Section Name="7747f0ba-5d5b-6aaa-9455-5563024798ca_bodypart.txt">
    <Key Name="assetID" Value="a763e074-6ada-4845-a289-75967facdac7" />
    <Key Name="name" Value="7747f0ba-5d5b-6aaa-9455-5563024798ca_bodypart" />
    <Key Name="assetType" Value="7" />
    <Key Name="inventoryType" Value="7" />
    <Key Name="fileName" Value="7747f0ba-5d5b-6aaa-9455-5563024798ca_bodypart.txt" />
  </Section>

  <Section Name="521b14c6-dae7-d251-03ea-7240a3f48da4_notecard.txt">
    <Key Name="assetID" Value="54f71bdb-65e3-4882-baac-28ef4728f803" />
    <Key Name="name" Value="521b14c6-dae7-d251-03ea-7240a3f48da4_notecard" />
    <Key Name="assetType" Value="7" />
    <Key Name="inventoryType" Value="7" />
    <Key Name="fileName" Value="521b14c6-dae7-d251-03ea-7240a3f48da4_notecard.txt" />
  </Section>

  <Section Name="be0701d8-1d38-41ce-b0bd-952d8ab853c0_script.lsl">
    <Key Name="assetID" Value="4119d6fe-16f6-420b-9713-16277e708fbc" />
    <Key Name="name" Value="be0701d8-1d38-41ce-b0bd-952d8ab853c0_script" />
    <Key Name="assetType" Value="10" />
    <Key Name="inventoryType" Value="10" />
    <Key Name="fileName" Value="be0701d8-1d38-41ce-b0bd-952d8ab853c0_script.lsl" />
  </Section>

  <Section Name="482267c8-f5f8-29e8-ca3e-0113ddc88ca5_bodypart.txt">
    <Key Name="assetID" Value="d3e6372f-f87a-413f-b59b-fc0697bc5fb9" />
    <Key Name="name" Value="482267c8-f5f8-29e8-ca3e-0113ddc88ca5_bodypart" />
    <Key Name="assetType" Value="7" />
    <Key Name="inventoryType" Value="7" />
    <Key Name="fileName" Value="482267c8-f5f8-29e8-ca3e-0113ddc88ca5_bodypart.txt" />
  </Section>

  <Section Name="5ced84f0-5da0-f657-544a-052566fa3d52_bodypart.txt">
    <Key Name="assetID" Value="4a27cd56-9109-48de-8a19-88caf1ad97df" />
    <Key Name="name" Value="5ced84f0-5da0-f657-544a-052566fa3d52_bodypart" />
    <Key Name="assetType" Value="7" />
    <Key Name="inventoryType" Value="7" />
    <Key Name="fileName" Value="5ced84f0-5da0-f657-544a-052566fa3d52_bodypart.txt" />
  </Section>

  <Section Name="9002ff8d-a914-5d17-15b3-53e9b611e11a_notecard.txt">
    <Key Name="assetID" Value="75bef46c-e6c2-4f67-be3c-1c159c70ba95" />
    <Key Name="name" Value="9002ff8d-a914-5d17-15b3-53e9b611e11a_notecard" />
    <Key Name="assetType" Value="7" />
    <Key Name="inventoryType" Value="7" />
    <Key Name="fileName" Value="9002ff8d-a914-5d17-15b3-53e9b611e11a_notecard.txt" />
  </Section>

  <Section Name="37bc4e1c-5cbc-63b0-433d-b217ef93d8b1_clothing.txt">
    <Key Name="assetID" Value="47eab4b6-befa-4e71-bd51-7572728d64a4" />
    <Key Name="name" Value="37bc4e1c-5cbc-63b0-433d-b217ef93d8b1_clothing" />
    <Key Name="assetType" Value="7" />
    <Key Name="inventoryType" Value="7" />
    <Key Name="fileName" Value="37bc4e1c-5cbc-63b0-433d-b217ef93d8b1_clothing.txt" />
  </Section>

  <Section Name="c5bc84b9-18c0-de31-21f9-672233622f9e_clothing.txt">
    <Key Name="assetID" Value="9cd07f0d-7db0-4fec-a035-9a8d925d6262" />
    <Key Name="name" Value="c5bc84b9-18c0-de31-21f9-672233622f9e_clothing" />
    <Key Name="assetType" Value="7" />
    <Key Name="inventoryType" Value="7" />
    <Key Name="fileName" Value="c5bc84b9-18c0-de31-21f9-672233622f9e_clothing.txt" />
  </Section>

  <Section Name="18f9debb-03f9-c76f-afc6-6eb15272ba32_notecard.txt">
    <Key Name="assetID" Value="2c1c1744-8b13-4958-8674-e8c476f279a1" />
    <Key Name="name" Value="18f9debb-03f9-c76f-afc6-6eb15272ba32_notecard" />
    <Key Name="assetType" Value="7" />
    <Key Name="inventoryType" Value="7" />
    <Key Name="fileName" Value="18f9debb-03f9-c76f-afc6-6eb15272ba32_notecard.txt" />
  </Section>

  <Section Name="4d0a6baa-df32-42c3-ba72-95cdba537b2d_clothing.txt">
    <Key Name="assetID" Value="1286d942-1049-465a-8f25-124fc473ed91" />
    <Key Name="name" Value="4d0a6baa-df32-42c3-ba72-95cdba537b2d_clothing" />
    <Key Name="assetType" Value="7" />
    <Key Name="inventoryType" Value="7" />
    <Key Name="fileName" Value="4d0a6baa-df32-42c3-ba72-95cdba537b2d_clothing.txt" />
  </Section>

  <Section Name="cf2db855-824f-153b-1938-53fe3ec47416_bodypart.txt">
    <Key Name="assetID" Value="a5d05358-f226-4d32-8f6d-e28f9163886b" />
    <Key Name="name" Value="cf2db855-824f-153b-1938-53fe3ec47416_bodypart" />
    <Key Name="assetType" Value="7" />
    <Key Name="inventoryType" Value="7" />
    <Key Name="fileName" Value="cf2db855-824f-153b-1938-53fe3ec47416_bodypart.txt" />
  </Section>

  <Section Name="feab311e-1370-0664-fba4-e4ac9f44970d_bodypart.txt">
    <Key Name="assetID" Value="5c131119-bea7-4e33-976f-c5bbe139c9dd" />
    <Key Name="name" Value="feab311e-1370-0664-fba4-e4ac9f44970d_bodypart" />
    <Key Name="assetType" Value="7" />
    <Key Name="inventoryType" Value="7" />
    <Key Name="fileName" Value="feab311e-1370-0664-fba4-e4ac9f44970d_bodypart.txt" />
  </Section>

  <Section Name="0af837c1-cd0e-7e66-a041-8008fb6aa4cf_notecard.txt">
    <Key Name="assetID" Value="8e7280bf-e6f1-42b0-91ee-b690fadc86c4" />
    <Key Name="name" Value="0af837c1-cd0e-7e66-a041-8008fb6aa4cf_notecard" />
    <Key Name="assetType" Value="7" />
    <Key Name="inventoryType" Value="7" />
    <Key Name="fileName" Value="0af837c1-cd0e-7e66-a041-8008fb6aa4cf_notecard.txt" />
  </Section>

  <Section Name="d7c47cb5-3e89-1641-1401-dee65dabb50f_bodypart.txt">
    <Key Name="assetID" Value="2fe115f8-1945-4227-9ad1-16bfd3a97f58" />
    <Key Name="name" Value="d7c47cb5-3e89-1641-1401-dee65dabb50f_bodypart" />
    <Key Name="assetType" Value="7" />
    <Key Name="inventoryType" Value="7" />
    <Key Name="fileName" Value="d7c47cb5-3e89-1641-1401-dee65dabb50f_bodypart.txt" />
  </Section>

</Nini>
